-- Populate person
insert into person (name, address, phone, taxid) values ('Tome Skillicorn', '1291 Riverside Pass', 707944397, 833611699);
insert into person (name, address, phone, taxid) values ('Louie Amort', '10 Golf Parkway', 071399910, 242114553);
insert into person (name, address, phone, taxid) values ('Nils Castiello', '61311 Kenwood Circle', 443540985, 629715433);
insert into person (name, address, phone, taxid) values ('Minerva Gavan', '261 Old Gate Point', 058770571, 671893543);
insert into person (name, address, phone, taxid) values ('Erina Blaasch', '86 Division Parkway', 704404762, 456498742);
insert into person (name, address, phone, taxid) values ('Byrom Henaughan', '817 Stoughton Road', 486808934, 567022295);
insert into person (name, address, phone, taxid) values ('Daniella Alibone', '326 Mcguire Place', 719346079, 249757760);
insert into person (name, address, phone, taxid) values ('Hillyer Mole', '0685 2nd Alley', 779875599, 697764533);
insert into person (name, address, phone, taxid) values ('Benedick Aronovitz', '903 Northview Road', 017599196, 240692254);
insert into person (name, address, phone, taxid) values ('Fredric Flattman', '83 Milwaukee Junction', 067923610, 286429233);
insert into person (name, address, phone, taxid) values ('Gilbert Rizzardini', '5538 Stang Road', 153476367, 374111697);
insert into person (name, address, phone, taxid) values ('Prescott Garbutt', '82024 Gerald Drive', 333056527, 785638331);
insert into person (name, address, phone, taxid) values ('Westbrook Print', '02156 6th Drive', 165897411, 486549781);
insert into person (name, address, phone, taxid) values ('Estelle Delhay', '76580 Delladonna Crossing', 786081727, 561781729);
insert into person (name, address, phone, taxid) values ('Walker Papaccio', '37776 Briar Crest Road', 536199290, 320956692);
insert into person (name, address, phone, taxid) values ('Gaspar Verrick', '71730 Buena Vista Pass', 978647644, 460422495);
insert into person (name, address, phone, taxid) values ('Riannon Peterson', '6741 Barnett Park', 289835551, 823376839);
insert into person (name, address, phone, taxid) values ('Belia Oyly', '894 Sachtjen Drive', 403354028, 605358330);
insert into person (name, address, phone, taxid) values ('Lay Day', '045 Main Crossing', 517811491, 155744374);
insert into person (name, address, phone, taxid) values ('Purcell Abadam', '1296 Autumn Leaf Parkway', 857186953, 272533338);
insert into person (name, address, phone, taxid) values ('Jess Berkery', '16 Surrey Park', 292508768, 246750507);
insert into person (name, address, phone, taxid) values ('Laney Labes', '65808 Moose Pass', 702161253, 882387640);
insert into person (name, address, phone, taxid) values ('Jethro Towndrow', '89 Lawn Court', 210607138, 526789514);
insert into person (name, address, phone, taxid) values ('Tom Maasz', '3813 American Ash Pass', 261740179, 700026492);
insert into person (name, address, phone, taxid) values ('Allx Blything', '7 Mitchell Pass', 943777092, 819530767);
insert into person (name, address, phone, taxid) values ('Zenia Halliburton', '3828 Ridgeway Junction', 598658133, 103246663);
insert into person (name, address, phone, taxid) values ('Spence Martinovic', '7 Esker Drive', 486880078, 393545466);
insert into person (name, address, phone, taxid) values ('Mordy Glassford', '91 Waubesa Street', 838380907, 477523209);
insert into person (name, address, phone, taxid) values ('Maud Berryman', '481 Parkside Place', 663155389, 844614929);
insert into person (name, address, phone, taxid) values ('Devland Earngy', '8116 Arapahoe Terrace', 994697885, 339736099);
insert into person (name, address, phone, taxid) values ('Mano Franzettoini', '20 Dovetail Lane', 162934946, 404244479);
insert into person (name, address, phone, taxid) values ('Emmanuel Otson', '81036 Dahle Hill', 364180540, 788998691);
insert into person (name, address, phone, taxid) values ('Samara Wint', '41447 Veith Terrace', 204672517, 689716826);
insert into person (name, address, phone, taxid) values ('Chuck Lineham', '4238 Charing Cross Place', 147790088, 208545551);
insert into person (name, address, phone, taxid) values ('Adah Chinnick', '66 Clyde Gallagher Junction', 163996226, 374314074);
insert into person (name, address, phone, taxid) values ('Carly Eadon', '9 Anzinger Park', 467584625, 751161441);
insert into person (name, address, phone, taxid) values ('Kinna Coogan', '782 Melody Way', 796635707, 202687360);
insert into person (name, address, phone, taxid) values ('Wendell Moorman', '7 Calypso Junction', 979995209, 617433490);
insert into person (name, address, phone, taxid) values ('Tessie MacFayden', '31 Straubel Plaza', 571886901, 704065683);
insert into person (name, address, phone, taxid) values ('Chen Songust', '64925 Crescent Oaks Hill', 579297276, 332038699);
insert into person (name, address, phone, taxid) values ('Chaddy Grece', '7878 Killdeer Crossing', 708173470, 668250910);
insert into person (name, address, phone, taxid) values ('Holmes Shuttlewood', '4634 Farmco Street', 231768983, 377296088);
insert into person (name, address, phone, taxid) values ('Abdel Corrin', '659 Talisman Hill', 647701871, 641348650);
insert into person (name, address, phone, taxid) values ('Cordy Kirsch', '997 Sundown Road', 435174739, 565678642);
insert into person (name, address, phone, taxid) values ('Natal Maskill', '92 Eliot Parkway', 656807791, 856417174);
insert into person (name, address, phone, taxid) values ('Chadwick Thirkettle', '6 Jackson Pass', 548086068, 155416333);
insert into person (name, address, phone, taxid) values ('Boote Gregon', '0521 Prairie Rose Road', 263070306, 889622335);
insert into person (name, address, phone, taxid) values ('Blinny Jeske', '4 Fordem Way', 658399162, 192542005);
insert into person (name, address, phone, taxid) values ('Agnesse Tunney', '435 Stoughton Place', 758799542, 213203577);
insert into person (name, address, phone, taxid) values ('Purcell Abadam', '53 Northwestern Park', 177008294, 437750663);
insert into person (name, address, phone, taxid) values ('Ricardo Antão', '456 Moscavide Street', 914727300, 888888888);

-- Populate Supervisor
insert into supervisor (name, address) values ('Tome Skillicorn', '1291 Riverside Pass');
insert into supervisor (name, address) values ('Louie Amort', '10 Golf Parkway');
insert into supervisor (name, address) values ('Nils Castiello', '61311 Kenwood Circle');
insert into supervisor (name, address) values ('Minerva Gavan', '261 Old Gate Point');
insert into supervisor (name, address) values ('Erina Blaasch', '86 Division Parkway');
insert into supervisor (name, address) values ('Byrom Henaughan', '817 Stoughton Road');
insert into supervisor (name, address) values ('Daniella Alibone', '326 Mcguire Place');
insert into supervisor (name, address) values ('Hillyer Mole', '0685 2nd Alley');
insert into supervisor (name, address) values ('Benedick Aronovitz', '903 Northview Road');
insert into supervisor (name, address) values ('Fredric Flattman', '83 Milwaukee Junction');
insert into supervisor (name, address) values ('Gilbert Rizzardini', '5538 Stang Road');
insert into supervisor (name, address) values ('Prescott Garbutt', '82024 Gerald Drive');
insert into supervisor (name, address) values ('Westbrook Print', '02156 6th Drive');
insert into supervisor (name, address) values ('Estelle Delhay', '76580 Delladonna Crossing');
insert into supervisor (name, address) values ('Walker Papaccio', '37776 Briar Crest Road');
insert into supervisor (name, address) values ('Gaspar Verrick', '71730 Buena Vista Pass');
insert into supervisor (name, address) values ('Riannon Peterson', '6741 Barnett Park');
insert into supervisor (name, address) values ('Belia Oyly', '894 Sachtjen Drive');
insert into supervisor (name, address) values ('Lay Day', '045 Main Crossing');
insert into supervisor (name, address) values ('Purcell Abadam', '1296 Autumn Leaf Parkway');
insert into supervisor (name, address) values ('Jess Berkery', '16 Surrey Park');
insert into supervisor (name, address) values ('Laney Labes', '65808 Moose Pass');
insert into supervisor (name, address) values ('Jethro Towndrow', '89 Lawn Court');
insert into supervisor (name, address) values ('Tom Maasz', '3813 American Ash Pass');
insert into supervisor (name, address) values ('Allx Blything', '7 Mitchell Pass');
insert into supervisor (name, address) values ('Chen Songust', '64925 Crescent Oaks Hill');
insert into supervisor (name, address) values ('Chaddy Grece', '7878 Killdeer Crossing');
insert into supervisor (name, address) values ('Holmes Shuttlewood', '4634 Farmco Street');
insert into supervisor (name, address) values ('Abdel Corrin', '659 Talisman Hill');
insert into supervisor (name, address) values ('Cordy Kirsch', '997 Sundown Road');
insert into supervisor (name, address) values ('Natal Maskill', '92 Eliot Parkway');
insert into supervisor (name, address) values ('Chadwick Thirkettle', '6 Jackson Pass');
insert into supervisor (name, address) values ('Boote Gregon', '0521 Prairie Rose Road');
insert into supervisor (name, address) values ('Blinny Jeske', '4 Fordem Way');
insert into supervisor (name, address) values ('Agnesse Tunney', '435 Stoughton Place');
insert into supervisor (name, address) values ('Purcell Abadam', '53 Northwestern Park');
insert into supervisor (name, address) values ('Ricardo Antão', '456 Moscavide Street');

-- Analyst
insert into analyst (name, address) values ('Zenia Halliburton', '3828 Ridgeway Junction');
insert into analyst (name, address) values ('Spence Martinovic', '7 Esker Drive');
insert into analyst (name, address) values ('Mordy Glassford', '91 Waubesa Street');
insert into analyst (name, address) values ('Maud Berryman', '481 Parkside Place');
insert into analyst (name, address) values ('Devland Earngy', '8116 Arapahoe Terrace');
insert into analyst (name, address) values ('Mano Franzettoini', '20 Dovetail Lane');
insert into analyst (name, address) values ('Emmanuel Otson', '81036 Dahle Hill');
insert into analyst (name, address) values ('Samara Wint', '41447 Veith Terrace');
insert into analyst (name, address) values ('Chuck Lineham', '4238 Charing Cross Place');
insert into analyst (name, address) values ('Adah Chinnick', '66 Clyde Gallagher Junction');
insert into analyst (name, address) values ('Carly Eadon', '9 Anzinger Park');
insert into analyst (name, address) values ('Kinna Coogan', '782 Melody Way');
insert into analyst (name, address) values ('Wendell Moorman', '7 Calypso Junction');
insert into analyst (name, address) values ('Tessie MacFayden', '31 Straubel Plaza');
insert into analyst (name, address) values ('Chen Songust', '64925 Crescent Oaks Hill');
insert into analyst (name, address) values ('Chaddy Grece', '7878 Killdeer Crossing');
insert into analyst (name, address) values ('Holmes Shuttlewood', '4634 Farmco Street');
insert into analyst (name, address) values ('Abdel Corrin', '659 Talisman Hill');
insert into analyst (name, address) values ('Cordy Kirsch', '997 Sundown Road');
insert into analyst (name, address) values ('Natal Maskill', '92 Eliot Parkway');
insert into analyst (name, address) values ('Chadwick Thirkettle', '6 Jackson Pass');
insert into analyst (name, address) values ('Boote Gregon', '0521 Prairie Rose Road');
insert into analyst (name, address) values ('Blinny Jeske', '4 Fordem Way');
insert into analyst (name, address) values ('Agnesse Tunney', '435 Stoughton Place');
insert into analyst (name, address) values ('Purcell Abadam', '53 Northwestern Park');
insert into analyst (name, address) values ('Walker Papaccio', '37776 Briar Crest Road');
insert into analyst (name, address) values ('Gaspar Verrick', '71730 Buena Vista Pass');
insert into analyst (name, address) values ('Riannon Peterson', '6741 Barnett Park');
insert into analyst (name, address) values ('Belia Oyly', '894 Sachtjen Drive');
insert into analyst (name, address) values ('Lay Day', '045 Main Crossing');
insert into analyst (name, address) values ('Purcell Abadam', '1296 Autumn Leaf Parkway');
insert into analyst (name, address) values ('Jess Berkery', '16 Surrey Park');
insert into analyst (name, address) values ('Laney Labes', '65808 Moose Pass');
insert into analyst (name, address) values ('Jethro Towndrow', '89 Lawn Court');
insert into analyst (name, address) values ('Tom Maasz', '3813 American Ash Pass');
insert into analyst (name, address) values ('Allx Blything', '7 Mitchell Pass');
insert into analyst (name, address) values ('Ricardo Antão', '456 Moscavide Street');
insert into analyst (name, address) values ('Tome Skillicorn', '1291 Riverside Pass');


--Populate Elements
insert into element (id) values ('B-505');
insert into element (id) values ('C-222');
insert into element (id) values ('C-881');
insert into element (id) values ('R-079');
insert into element (id) values ('X-486');
insert into element (id) values ('P-981');
insert into element (id) values ('V-195');
insert into element (id) values ('F-292');
insert into element (id) values ('P-888');
insert into element (id) values ('C-814');
insert into element (id) values ('Z-312');
insert into element (id) values ('O-744');
insert into element (id) values ('L-458');
insert into element (id) values ('H-900');
insert into element (id) values ('S-037');
insert into element (id) values ('B-184');
insert into element (id) values ('M-639');
insert into element (id) values ('J-033');
insert into element (id) values ('A-382');
insert into element (id) values ('C-152');
insert into element (id) values ('L-694');
insert into element (id) values ('I-765');
insert into element (id) values ('Q-201');
insert into element (id) values ('Z-146');
insert into element (id) values ('K-949');
insert into element (id) values ('A-308');
insert into element (id) values ('K-374');
insert into element (id) values ('C-975');
insert into element (id) values ('N-194');
insert into element (id) values ('E-470');
insert into element (id) values ('W-905');
insert into element (id) values ('K-049');
insert into element (id) values ('J-688');
insert into element (id) values ('A-879');
insert into element (id) values ('Q-598');
insert into element (id) values ('R-830');
insert into element (id) values ('G-769');
insert into element (id) values ('H-648');
insert into element (id) values ('F-619');
insert into element (id) values ('E-323');
insert into element (id) values ('B-529');
insert into element (id) values ('X-592');
insert into element (id) values ('C-411');
insert into element (id) values ('C-209');
insert into element (id) values ('Z-307');
insert into element (id) values ('B-161');
insert into element (id) values ('Y-575');
insert into element (id) values ('V-518');
insert into element (id) values ('L-642');
insert into element (id) values ('H-163');
insert into element (id) values ('J-838');
insert into element (id) values ('Z-734');
insert into element (id) values ('D-530');
insert into element (id) values ('R-737');
insert into element (id) values ('L-801');
insert into element (id) values ('T-043');
insert into element (id) values ('P-640');
insert into element (id) values ('U-132');
insert into element (id) values ('A-338');
insert into element (id) values ('A-689');
insert into element (id) values ('X-862');
insert into element (id) values ('V-580');
insert into element (id) values ('T-227');
insert into element (id) values ('B-775');
insert into element (id) values ('T-491');
insert into element (id) values ('H-733');
insert into element (id) values ('R-023');
insert into element (id) values ('C-632');
insert into element (id) values ('W-660');
insert into element (id) values ('D-821');
insert into element (id) values ('J-516');
insert into element (id) values ('E-363');
insert into element (id) values ('O-471');
insert into element (id) values ('B-716');
insert into element (id) values ('A-048');
insert into element (id) values ('S-257');
insert into element (id) values ('X-909');
insert into element (id) values ('D-190');
insert into element (id) values ('O-919');
insert into element (id) values ('I-976');
insert into element (id) values ('K-690');
insert into element (id) values ('G-932');
insert into element (id) values ('K-258');
insert into element (id) values ('J-512');
insert into element (id) values ('Z-711');
insert into element (id) values ('O-201');
insert into element (id) values ('B-693');
insert into element (id) values ('I-005');
insert into element (id) values ('H-655');
insert into element (id) values ('D-747');
insert into element (id) values ('D-030');
insert into element (id) values ('N-832');
insert into element (id) values ('A-439');
insert into element (id) values ('U-844');
insert into element (id) values ('B-360');
insert into element (id) values ('O-900');
insert into element (id) values ('I-683');
insert into element (id) values ('R-117');
insert into element (id) values ('D-206');
insert into element (id) values ('U-133');
insert into element (id) values ('A-626');
insert into element (id) values ('I-778');
insert into element (id) values ('E-085');
insert into element (id) values ('M-331');
insert into element (id) values ('O-337');
insert into element (id) values ('A-298');
insert into element (id) values ('W-089');
insert into element (id) values ('Q-268');
insert into element (id) values ('T-427');
insert into element (id) values ('I-176');
insert into element (id) values ('Z-738');
insert into element (id) values ('U-234');
insert into element (id) values ('V-181');
insert into element (id) values ('V-135');
insert into element (id) values ('R-714');
insert into element (id) values ('E-444');
insert into element (id) values ('F-623');
insert into element (id) values ('J-543');
insert into element (id) values ('T-147');
insert into element (id) values ('B-789');
insert into element (id) values ('V-627');
insert into element (id) values ('N-534');
insert into element (id) values ('N-337');
insert into element (id) values ('N-134');
insert into element (id) values ('V-062');
insert into element (id) values ('B-118');
insert into element (id) values ('L-142');
insert into element (id) values ('T-789');
insert into element (id) values ('B-197');
insert into element (id) values ('S-836');
insert into element (id) values ('J-410');
insert into element (id) values ('Z-798');
insert into element (id) values ('B-428');
insert into element (id) values ('D-632');
insert into element (id) values ('R-338');
insert into element (id) values ('S-900');
insert into element (id) values ('E-098');
insert into element (id) values ('R-543');
insert into element (id) values ('O-296');
insert into element (id) values ('I-023');
insert into element (id) values ('F-993');
insert into element (id) values ('R-107');


--Populate BusBars
INSERT INTO busbar(voltage,id) values(100,'L-694');
INSERT INTO busbar(voltage,id) values(630,'I-765');
INSERT INTO busbar(voltage,id) values(400,'Q-201');
INSERT INTO busbar(voltage,id) values(630,'Z-146');
INSERT INTO busbar(voltage,id) values(630,'K-949');
INSERT INTO busbar(voltage,id) values(400,'A-308');
INSERT INTO busbar(voltage,id) values(100,'K-374');
INSERT INTO busbar(voltage,id) values(630,'C-975');
INSERT INTO busbar(voltage,id) values(100,'N-194');
INSERT INTO busbar(voltage,id) values(400,'E-470');
INSERT INTO busbar(voltage,id) values(630,'W-905');
INSERT INTO busbar(voltage,id) values(400,'K-049');
INSERT INTO busbar(voltage,id) values(400,'J-688');
INSERT INTO busbar(voltage,id) values(100,'A-879');
INSERT INTO busbar(voltage,id) values(100,'Q-598');
INSERT INTO busbar(voltage,id) values(100,'R-830');
INSERT INTO busbar(voltage,id) values(400,'G-769');
INSERT INTO busbar(voltage,id) values(100,'H-648');
INSERT INTO busbar(voltage,id) values(630,'F-619');
INSERT INTO busbar(voltage,id) values(400,'E-323');
INSERT INTO busbar(voltage,id) values(630,'B-529');
INSERT INTO busbar(voltage,id) values(630,'X-592');
INSERT INTO busbar(voltage,id) values(400,'C-411');
INSERT INTO busbar(voltage,id) values(400,'C-209');
INSERT INTO busbar(voltage,id) values(100,'Z-307');
INSERT INTO busbar(voltage,id) values(630,'B-161');
INSERT INTO busbar(voltage,id) values(630,'Y-575');
INSERT INTO busbar(voltage,id) values(630,'V-518');
INSERT INTO busbar(voltage,id) values(400,'L-642');
INSERT INTO busbar(voltage,id) values(400,'H-163');
INSERT INTO busbar(voltage,id) values(400,'J-838');
INSERT INTO busbar(voltage,id) values(630,'Z-734');
INSERT INTO busbar(voltage,id) values(630,'D-530');
INSERT INTO busbar(voltage,id) values(630,'R-737');
INSERT INTO busbar(voltage,id) values(100,'L-801');
INSERT INTO busbar(voltage,id) values(100,'T-043');
INSERT INTO busbar(voltage,id) values(400,'P-640');
INSERT INTO busbar(voltage,id) values(630,'U-132');
INSERT INTO busbar(voltage,id) values(100,'A-338');
INSERT INTO busbar(voltage,id) values(630,'A-689');
INSERT INTO busbar(voltage,id) values(400,'X-862');
INSERT INTO busbar(voltage,id) values(100,'V-580');
INSERT INTO busbar(voltage,id) values(400,'T-227');
INSERT INTO busbar(voltage,id) values(100,'B-775');
INSERT INTO busbar(voltage,id) values(100,'T-491');
INSERT INTO busbar(voltage,id) values(100,'H-733');
INSERT INTO busbar(voltage,id) values(100,'R-023');
INSERT INTO busbar(voltage,id) values(100,'C-632');
INSERT INTO busbar(voltage,id) values(630,'W-660');
INSERT INTO busbar(voltage,id) values(630,'D-821');
INSERT INTO busbar(voltage,id) values(400,'J-516');
INSERT INTO busbar(voltage,id) values(630,'E-363');
INSERT INTO busbar(voltage,id) values(630,'O-471');
INSERT INTO busbar(voltage, id) values(400,'U-133');
INSERT INTO busbar(voltage, id) values(400,'A-626');
INSERT INTO busbar(voltage, id) values(400,'I-778');
INSERT INTO busbar(voltage, id) values(400,'E-085');
INSERT INTO busbar(voltage, id) values(400,'M-331');
INSERT INTO busbar(voltage, id) values(400,'O-337');
INSERT INTO busbar(voltage, id) values(400,'A-298');
INSERT INTO busbar(voltage, id) values(400,'W-089');
INSERT INTO busbar(voltage, id) values(400,'Q-268');
INSERT INTO busbar(voltage, id) values(400,'T-427');
INSERT INTO busbar(voltage, id) values(220,'I-176');
INSERT INTO busbar(voltage, id) values(220,'Z-738');
INSERT INTO busbar(voltage, id) values(220,'U-234');
INSERT INTO busbar(voltage, id) values(220,'V-181');
INSERT INTO busbar(voltage, id) values(220,'V-135');
INSERT INTO busbar(voltage, id) values(220,'R-714');
INSERT INTO busbar(voltage, id) values(220,'E-444');
INSERT INTO busbar(voltage, id) values(220,'F-623');
INSERT INTO busbar(voltage, id) values(220,'J-543');
INSERT INTO busbar(voltage, id) values(220,'T-147');
INSERT INTO busbar(voltage, id) values(220,'B-789');
INSERT INTO busbar(voltage, id) values(220,'V-627');
INSERT INTO busbar(voltage, id) values(220,'N-534');
INSERT INTO busbar(voltage, id) values(220,'N-337');
INSERT INTO busbar(voltage, id) values(220,'N-134');
INSERT INTO busbar(voltage, id) values(220,'V-062');
INSERT INTO busbar(voltage, id) values(220,'B-118');
INSERT INTO busbar(voltage, id) values(220,'L-142');
INSERT INTO busbar(voltage, id) values(220,'T-789');
INSERT INTO busbar(voltage, id) values(220,'B-197');
INSERT INTO busbar(voltage, id) values(220,'S-836');
INSERT INTO busbar(voltage, id) values(220,'J-410');
INSERT INTO busbar(voltage, id) values(220,'Z-798');
INSERT INTO busbar(voltage, id) values(220,'B-428');
INSERT INTO busbar(voltage, id) values(220,'D-632');
INSERT INTO busbar(voltage, id) values(220,'R-338');
INSERT INTO busbar(voltage, id) values(220,'S-900');
INSERT INTO busbar(voltage, id) values(220,'E-098');
INSERT INTO busbar(voltage, id) values(220,'R-543');

--Populate line
INSERT INTO line(impedance,id,pbbid,sbbid) values(569,'B-505','L-694','F-619');
INSERT INTO line(impedance,id,pbbid,sbbid) values(888,'C-222','I-765','E-323');
INSERT INTO line(impedance,id,pbbid,sbbid) values(644,'C-881','Q-201','B-529');
INSERT INTO line(impedance,id,pbbid,sbbid) values(829,'R-079','Z-146','X-592');
INSERT INTO line(impedance,id,pbbid,sbbid) values(672,'X-486','K-949','C-411');
INSERT INTO line(impedance,id,pbbid,sbbid) values(428,'P-981','A-308','C-209');
INSERT INTO line(impedance,id,pbbid,sbbid) values(993,'V-195','K-374','Z-307');
INSERT INTO line(impedance,id,pbbid,sbbid) values(626,'F-292','C-975','B-161');
INSERT INTO line(impedance,id,pbbid,sbbid) values(719,'P-888','N-194','Y-575');
INSERT INTO line(impedance,id,pbbid,sbbid) values(788,'C-814','E-470','V-518');
INSERT INTO line(impedance,id,pbbid,sbbid) values(166,'Z-312','W-905','L-642');
INSERT INTO line(impedance,id,pbbid,sbbid) values(451,'O-744','K-049','H-163');
INSERT INTO line(impedance,id,pbbid,sbbid) values(308,'L-458','J-688','J-838');
INSERT INTO line(impedance,id,pbbid,sbbid) values(509,'H-900','A-879','Z-734');
INSERT INTO line(impedance,id,pbbid,sbbid) values(224,'S-037','Q-598','D-530');
INSERT INTO line(impedance,id,pbbid,sbbid) values(577,'B-184','R-830','R-737');
INSERT INTO line(impedance,id,pbbid,sbbid) values(286,'M-639','G-769','L-801');
INSERT INTO line(impedance,id,pbbid,sbbid) values(561,'J-033','H-648','T-043');
INSERT INTO line(impedance,id,pbbid,sbbid) values(207,'A-382','R-338','B-118');
INSERT INTO line(impedance,id,pbbid,sbbid) values(398,'C-152','T-043','C-209');

--Populate substation

insert into substation (locality, gpslong,gpslat, sname, saddress) values ('Rauna', 57.331693,12.1839966, 'Tome Skillicorn', '1291 Riverside Pass');
insert into substation (locality, gpslong,gpslat, sname, saddress) values ('Rauna', -7.3630592,18.8071072, 'Louie Amort', '10 Golf Parkway');
insert into substation (locality, gpslong,gpslat, sname, saddress) values ('Rauna', 7.9306264,-7.4517472, 'Nils Castiello', '61311 Kenwood Circle');
insert into substation (locality, gpslong,gpslat, sname, saddress) values ('Rauna', 46.1839042,26.3216758, 'Minerva Gavan', '261 Old Gate Point');
insert into substation (locality, gpslong,gpslat, sname, saddress) values ('Whitegate', 52.1350237,6.4359118, 'Erina Blaasch', '86 Division Parkway');
insert into substation (locality, gpslong,gpslat, sname, saddress) values ('Whitegate', 53.3666338,11.256439, 'Byrom Henaughan', '817 Stoughton Road');
insert into substation (locality, gpslong,gpslat, sname, saddress) values ('Shuanglong', 29.956858,-56.0041451, 'Daniella Alibone', '326 Mcguire Place');
insert into substation (locality, gpslong,gpslat, sname, saddress) values ('Prado', -33.4856642,10.40391, 'Daniella Alibone', '326 Mcguire Place');
--insert into substation (locality, gpslong,gpslat, sname, saddress) values ('Prado', -33.4856642,10.40391, 'Hillyer Mole', '0685 2nd Alley');
insert into substation (locality, gpslong,gpslat, sname, saddress) values ('New York City', 40.7525629,69.47958, 'Benedick Aronovitz', '903 Northview Road');
--insert into substation (locality, gpslong,gpslat, sname, saddress) values ('Xin’an', 34.728584,75.4190689, 'Fredric Flattman', '83 Milwaukee Junction');
insert into substation (locality, gpslong,gpslat, sname, saddress) values ('Xin’an', 34.728584,75.4190689, 'Benedick Aronovitz', '903 Northview Road');
insert into substation (locality, gpslong,gpslat, sname, saddress) values ('Belyy Yar', 53.8399736,11.548879, 'Gilbert Rizzardini', '5538 Stang Road');
insert into substation (locality, gpslong,gpslat, sname, saddress) values ('Yatsushiro', 55.751248,25.3548713, 'Prescott Garbutt', '82024 Gerald Drive');
insert into substation (locality, gpslong,gpslat, sname, saddress) values ('Yatsushiro', 35.7914051,-85.6871451, 'Westbrook Print', '02156 6th Drive');
insert into substation (locality, gpslong,gpslat, sname, saddress) values ('Yatsushiro', 51.9850245,-58.3834251, 'Estelle Delhay', '76580 Delladonna Crossing');
insert into substation (locality, gpslong,gpslat, sname, saddress) values ('Yatsushiro', 10.8226522,11.0102737, 'Walker Papaccio', '37776 Briar Crest Road');
insert into substation (locality, gpslong,gpslat, sname, saddress) values ('Yatsushiro', 52.3811357,10.915953, 'Gaspar Verrick', '71730 Buena Vista Pass');
insert into substation (locality, gpslong,gpslat, sname, saddress) values ('Yatsushiro', 37.355469,13.7425844, 'Riannon Peterson', '6741 Barnett Park');
insert into substation (locality, gpslong,gpslat, sname, saddress) values ('Rio Maior', -8.936379, 39.336775, 'Ricardo Antão', '456 Moscavide Street');
insert into substation (locality, gpslong,gpslat, sname, saddress) values ('Prado', -46.4856642,19.40391, 'Hillyer Mole', '0685 2nd Alley');
--Populate transformer
INSERT INTO transformer(id, pv, sv, gpslong,gpslat, pbbid, sbbid) values('I-023',630,100,57.331693,12.1839966,'I-765','L-694');
INSERT INTO transformer(id, pv, sv, gpslong,gpslat, pbbid, sbbid) values('F-993',630,100,-7.3630592,18.8071072,'Z-146','K-374');
INSERT INTO transformer(id, pv, sv, gpslong,gpslat, pbbid, sbbid) values('R-107',630,100,7.9306264,-7.4517472,'K-949','N-194');
INSERT INTO transformer(id, pv, sv, gpslong,gpslat, pbbid, sbbid) values('B-716',400,100,46.1839042,26.3216758,'Q-201','A-879');
INSERT INTO transformer(id, pv, sv, gpslong,gpslat, pbbid, sbbid) values('A-048',630,100,52.1350237,6.4359118,'W-905','Q-598');
INSERT INTO transformer(id, pv, sv, gpslong,gpslat, pbbid, sbbid) values('S-257',400,100,53.3666338,11.256439,'A-308','R-830');
INSERT INTO transformer(id, pv, sv, gpslong,gpslat, pbbid, sbbid) values('X-909',400,100,29.956858,-56.0041451,'E-470','H-648');
INSERT INTO transformer(id, pv, sv, gpslong,gpslat, pbbid, sbbid) values('D-190',400,100,-33.4856642,10.40391,'K-049','Z-307');
INSERT INTO transformer(id, pv, sv, gpslong,gpslat, pbbid, sbbid) values('O-919',630,100,40.7525629,69.47958,'C-975','L-801');
INSERT INTO transformer(id, pv, sv, gpslong,gpslat, pbbid, sbbid) values('I-976',400,100,34.728584,75.4190689,'J-688','T-043');
INSERT INTO transformer(id, pv, sv, gpslong,gpslat, pbbid, sbbid) values('K-690',630,100,53.8399736,11.548879,'F-619','A-338');
INSERT INTO transformer(id, pv, sv, gpslong,gpslat, pbbid, sbbid) values('G-932',400,100,55.751248,25.3548713,'G-769','V-580');
INSERT INTO transformer(id, pv, sv, gpslong,gpslat, pbbid, sbbid) values('K-258',400,100,35.7914051,-85.6871451,'E-323','B-775');
INSERT INTO transformer(id, pv, sv, gpslong,gpslat, pbbid, sbbid) values('J-512',630,100,51.9850245,-58.3834251,'B-529','T-491');
INSERT INTO transformer(id, pv, sv, gpslong,gpslat, pbbid, sbbid) values('Z-711',400,100,10.8226522,11.0102737,'C-411','H-733');
INSERT INTO transformer(id, pv, sv, gpslong,gpslat, pbbid, sbbid) values('O-201',630,100,52.3811357,10.915953,'B-161','R-023');
INSERT INTO transformer(id, pv, sv, gpslong,gpslat, pbbid, sbbid) values('B-693',630,100,37.355469,13.7425844,'Y-575','C-632');
INSERT INTO transformer(id, pv, sv, gpslong,gpslat, pbbid, sbbid) values('I-005',400,220,37.355469,13.7425844,'C-209','I-176');
INSERT INTO transformer(id, pv, sv, gpslong,gpslat, pbbid, sbbid) values('H-655',400,220,-8.936379, 39.336775,'L-642','Z-738');
INSERT INTO transformer(id, pv, sv, gpslong,gpslat, pbbid, sbbid) values('D-747',400,220,57.331693,12.1839966,'H-163','U-234');
INSERT INTO transformer(id, pv, sv, gpslong,gpslat, pbbid, sbbid) values('D-030',400,220,57.331693,12.1839966,'J-838','V-181');
INSERT INTO transformer(id, pv, sv, gpslong,gpslat, pbbid, sbbid) values('N-832',630,220,-8.936379, 39.336775,'X-592','V-135');
INSERT INTO transformer(id, pv, sv, gpslong,gpslat, pbbid, sbbid) values('A-439',400,220,40.7525629,69.47958,'P-640','R-714');
INSERT INTO transformer(id, pv, sv, gpslong,gpslat, pbbid, sbbid) values('U-844',400,220,34.728584,75.4190689,'X-862','E-444');
INSERT INTO transformer(id, pv, sv, gpslong,gpslat, pbbid, sbbid) values('B-360',400,220,10.8226522,11.0102737,'T-227','F-623');
INSERT INTO transformer(id, pv, sv, gpslong,gpslat, pbbid, sbbid) values('O-900',400,220,34.728584,75.4190689,'J-516','J-543');
INSERT INTO transformer(id, pv, sv, gpslong,gpslat, pbbid, sbbid) values('I-683',400,220,35.7914051,-85.6871451,'A-626','T-147');
INSERT INTO transformer(id, pv, sv, gpslong,gpslat, pbbid, sbbid) values('R-117',400,220,51.9850245,-58.3834251,'I-778','B-789');
INSERT INTO transformer(id, pv, sv, gpslong,gpslat, pbbid, sbbid) values('D-206',400,220,10.8226522,11.0102737,'E-085','V-627');
INSERT INTO transformer(id, pv, sv, gpslong,gpslat, pbbid, sbbid) values('O-296',400,220,-8.936379, 39.336775,'T-427','E-444');

-- Populate incident
insert into incident (instant, severity, description, id) values ('2020-02-14 02:12:26', 5, 'short circuit', 'J-688');
insert into incident (instant, severity, description, id) values ('2020-09-20 16:34:02', 4, 'thuderstorm strike', 'A-879');
insert into incident (instant, severity, description, id) values ('2020-02-26 09:55:08', 1, 'vulcano explosion', 'Q-598');
insert into incident (instant, severity, description, id) values ('2020-07-08 14:48:28', 10, 'short circuit', 'R-830');
insert into incident (instant, severity, description, id) values ('2020-09-28 09:14:31', 1, 'thuderstorm strike', 'G-769');
insert into incident (instant, severity, description, id) values ('2020-07-09 14:23:22', 2, 'the empire striked back', 'H-648');
insert into incident (instant, severity, description, id) values ('2019-12-14 16:08:24', 10, 'they shot the guy in a red shirt', 'F-619');
insert into incident (instant, severity, description, id) values ('2020-10-25 14:09:44', 5, 'these are not the incidents you were looking for', 'E-323');
insert into incident (instant, severity, description, id) values ('2020-08-28 16:42:10', 9, 'short circuit', 'B-529');
insert into incident (instant, severity, description, id) values ('2019-11-27 16:41:20', 10, 'thuderstorm strike', 'D-206');
insert into incident (instant, severity, description, id) values ('2020-08-10 22:54:59', 3, 'vulcano explosion', 'R-117');
insert into incident (instant, severity, description, id) values ('2020-08-05 22:41:29', 3, 'dalek attack', 'I-683');
insert into incident (instant, severity, description, id) values ('2020-05-09 04:40:13', 10, 'kevin dropped the chilli', 'O-900');
insert into incident (instant, severity, description, id) values ('2020-10-15 19:19:45', 2, 'short circuit', 'B-360');
insert into incident (instant, severity, description, id) values ('2019-11-16 17:37:08', 5, 'thuderstorm strike', 'U-844');
insert into incident (instant, severity, description, id) values ('2020-07-21 19:47:14', 1, 'vulcano explosion', 'A-439');
insert into incident (instant, severity, description, id) values ('2020-08-08 13:45:47', 8, 'desolated by smaug', 'N-832');
insert into incident (instant, severity, description, id) values ('2020-09-19 20:14:47', 10, 'they killed kenny', 'D-030');
insert into incident (instant, severity, description, id) values ('2019-12-28 00:32:09', 2, 'short circuit', 'D-747');
insert into incident (instant, severity, description, id) values ('2020-01-08 16:18:10', 8, 'thuderstorm strike', 'H-655');
insert into incident (instant, severity, description, id) values ('2020-04-08 11:05:01', 8, 'Lord of the Lines', 'B-505');
insert into incident (instant, severity, description, id) values ('2020-02-11 11:29:40', 7, 'one line to rule them all', 'C-222');
insert into incident (instant, severity, description, id) values ('2020-01-29 11:03:35', 6, 'one line to find them all', 'C-881');
insert into incident (instant, severity, description, id) values ('2020-06-13 21:31:28', 3, 'one line to bring them all', 'R-079');
insert into incident (instant, severity, description, id) values ('2020-06-09 00:02:48', 3, 'and in the darkness bind them', 'X-486');
insert into incident (instant, severity, description, id) values ('2020-07-10 00:02:48', 8, 'Destroyed by Voldemort ', 'B-789');
insert into incident (instant, severity, description, id) values ('2020-03-25 12:12:48', 5, 'The Fire Nation attacked', 'B-789');
insert into incident (instant, severity, description, id) values ('2020-10-04 09:02:48', 10, 'Little kid tried to eat it', 'B-789');

-- Populate line incident
insert into lineincident (instant, id, Point) values ('2020-04-08 11:05:01','B-505', 332.5);
insert into lineincident (instant, id, Point) values ('2020-02-11 11:29:40','C-222', 48.72);
insert into lineincident (instant, id, Point) values ('2020-01-29 11:03:35','C-881', 268.41);
insert into lineincident (instant, id, Point) values ('2020-06-13 21:31:28','R-079', 458.73);
insert into lineincident (instant, id, Point) values ('2020-06-09 00:02:48','X-486', 918.42);


INSERT INTO analyses(instant,id,report,name,address) values('2020-02-14 02:12:26.000000','J-688','Fake News','Zenia Halliburton','3828 Ridgeway Junction');
INSERT INTO analyses(instant,id,report,name,address) values('2020-09-20 16:34:02.000000','A-879','It is illegal','Zenia Halliburton','3828 Ridgeway Junction');
INSERT INTO analyses(instant,id,report,name,address) values('2020-02-26 09:55:08.000000','Q-598','Humidity problem','Zenia Halliburton','3828 Ridgeway Junction');
INSERT INTO analyses(instant,id,report,name,address) values('2020-07-08 14:48:28.000000','R-830','My boy is dead','Maud Berryman','481 Parkside Place');
INSERT INTO analyses(instant,id,report,name,address) values('2020-09-28 09:14:31.000000','G-769','Stop the Count','Mano Franzettoini','20 Dovetail Lane');
INSERT INTO analyses(instant,id,report,name,address) values('2020-07-09 14:23:22.000000','H-648','Almost alive','Mano Franzettoini','20 Dovetail Lane');
INSERT INTO analyses(instant,id,report,name,address) values('2019-12-14 16:08:24.000000','F-619','Not quite there yet','Emmanuel Otson','81036 Dahle Hill');
INSERT INTO analyses(instant,id,report,name,address) values('2020-10-25 14:09:44.000000','E-323','Electrocuted','Samara Wint','41447 Veith Terrace');
INSERT INTO analyses(instant,id,report,name,address) values('2020-08-28 16:42:10.000000','B-529','Fire Blast','Chuck Lineham','4238 Charing Cross Place');
INSERT INTO analyses(instant,id,report,name,address) values('2019-11-27 16:41:20.000000','D-206','Rage of God','Adah Chinnick','66 Clyde Gallagher Junction');
INSERT INTO analyses(instant,id,report,name,address) values('2020-08-10 22:54:59.000000','R-117','The Wall','Carly Eadon','9 Anzinger Park');
INSERT INTO analyses(instant,id,report,name,address) values('2020-08-05 22:41:29.000000','I-683','Zombie attack','Kinna Coogan','782 Melody Way');
INSERT INTO analyses(instant,id,report,name,address) values('2020-05-09 04:40:13.000000','O-900','Covid','Wendell Moorman','7 Calypso Junction');
INSERT INTO analyses(instant,id,report,name,address) values('2020-10-15 19:19:45.000000','B-360','Loki','Tessie MacFayden','31 Straubel Plaza');
INSERT INTO analyses(instant,id,report,name,address) values('2019-11-16 17:37:08.000000','U-844','Thanos','Chen Songust','64925 Crescent Oaks Hill');
INSERT INTO analyses(instant,id,report,name,address) values('2020-07-21 19:47:14.000000','A-439','Thor','Chaddy Grece','7878 Killdeer Crossing');
INSERT INTO analyses(instant,id,report,name,address) values('2020-08-08 13:45:47.000000','N-832','Iron Man','Holmes Shuttlewood','4634 Farmco Street');
INSERT INTO analyses(instant,id,report,name,address) values('2020-04-08 11:05:01.000000','B-505','Spider-man','Abdel Corrin','659 Talisman Hill');
INSERT INTO analyses(instant,id,report,name,address) values('2020-02-11 11:29:40.000000','C-222','Dr Starnge','Cordy Kirsch','997 Sundown Road');
INSERT INTO analyses(instant,id,report,name,address) values('2020-06-09 00:02:48','X-486','Zombie attack','Allx Blything', '7 Mitchell Pass');
INSERT INTO analyses(instant,id,report,name,address) values('2020-07-10 00:02:48','B-789', 'Harry Potter fixed it','Purcell Abadam', '1296 Autumn Leaf Parkway');
INSERT INTO analyses(instant,id,report,name,address) values('2020-03-25 12:12:48','B-789', 'The Avatar returned to save the world','Purcell Abadam', '1296 Autumn Leaf Parkway');
INSERT INTO analyses(instant,id,report,name,address) values('2020-10-04 09:02:48','B-789', 'Little kid was saved by Spiderman','Purcell Abadam', '1296 Autumn Leaf Parkway');

-- Elements not specialized, Just in case w need to insert more Elements
/*

insert into element (id) values ('E-021');
insert into element (id) values ('T-806');
insert into element (id) values ('N-854');
insert into element (id) values ('I-751');
insert into element (id) values ('O-442');
insert into element (id) values ('O-247');
insert into element (id) values ('C-180');
insert into element (id) values ('L-378');
insert into element (id) values ('C-173');
insert into element (id) values ('O-944');
insert into element (id) values ('Z-331');
insert into element (id) values ('T-291');
insert into element (id) values ('K-954');
insert into element (id) values ('E-543');
insert into element (id) values ('G-093');
insert into element (id) values ('M-196');
insert into element (id) values ('F-661');
insert into element (id) values ('T-588');
insert into element (id) values ('B-479');
insert into element (id) values ('R-828');
insert into element (id) values ('R-990');
insert into element (id) values ('B-909');
insert into element (id) values ('G-287');
insert into element (id) values ('H-702');
insert into element (id) values ('X-213');
insert into element (id) values ('D-046');
insert into element (id) values ('B-457');
insert into element (id) values ('B-760');
insert into element (id) values ('V-259');
insert into element (id) values ('E-002');
insert into element (id) values ('W-584');
insert into element (id) values ('G-555');
insert into element (id) values ('J-774');
insert into element (id) values ('C-771');
insert into element (id) values ('J-075');
insert into element (id) values ('C-492');
insert into element (id) values ('U-642');
insert into element (id) values ('L-696');
insert into element (id) values ('M-609');
insert into element (id) values ('H-750');
insert into element (id) values ('V-714');
insert into element (id) values ('Y-316');
insert into element (id) values ('T-940');
insert into element (id) values ('T-773');
insert into element (id) values ('U-619');
insert into element (id) values ('T-609');
insert into element (id) values ('Q-372');
insert into element (id) values ('P-896');
insert into element (id) values ('E-388');
insert into element (id) values ('I-396');
insert into element (id) values ('N-787');
insert into element (id) values ('G-476');
insert into element (id) values ('U-528');
insert into element (id) values ('F-108');
insert into element (id) values ('Q-814');
insert into element (id) values ('M-231');
insert into element (id) values ('R-088');
insert into element (id) values ('A-695');
insert into element (id) values ('Y-941');
insert into element (id) values ('X-782');

 insert into element (id) values ('E-021');
 INSERT INTO transformer(id, pv, sv, gpslong,gpslat, pbbid, sbbid) values('E-021',100,630, -8.936379,39.336775,'Z-307','E-363');

DELETE FROM transformer WHERE id = 'E-021';
 INSERT INTO busbar(voltage, id) values(400,'Q-268');
 INSERT INTO busbar(voltage,id) values(630,'E-363');
 INSERT INTO busbar(voltage,id) values(100,'Z-307');
 INSERT INTO busbar(voltage, id) values(220,'F-623');

 update transformer
 set pbbid = 'D-821'
 where id = 'J-516';
 insert into incident (instant, severity, description, id) values ('2020-10-29 09:07:48', 10, 'lolada', 'H-655');
 insert into incident (instant, severity, description, id) values ('2019-12-28 00:32:09', 10, 'lolada', 'D-747');
 INSERT INTO analyses(instant,id,report,name,address) values('2019-12-28 00:32:09', 'D-747', 'Little kid was saved by Spiderman','Tome Skillicorn', '1291 Riverside Pass');
*/
